time,temp,humidity,wind_speed
1680131894947,285.0,79.0,3.09
1680131908056,285.0,79.0,3.09
1680132324040,284.91,81.0,5.14
1680132924288,284.51,82.0,5.14
1680133524447,284.51,82.0,5.14
1680134124588,284.31,85.0,5.14
1680134724775,284.31,85.0,5.14
1680135324935,283.86,86.0,2.68
1680135925138,283.69,89.0,5.14
1680136525247,283.58,89.0,5.14
1680137125342,283.58,90.0,5.14
1680137725450,283.58,90.0,5.14
1680138325656,283.57,89.0,3.09
1680138925771,283.57,89.0,3.09
1680139525999,283.61,90.0,6.17
1680140126118,283.61,90.0,6.17
1680140726305,283.61,90.0,6.17
1680141326442,283.5,89.0,6.17
1680141926635,283.5,89.0,6.17
1680142526764,283.53,88.0,4.02
1680143126955,283.22,89.0,6.69
1680143727141,283.22,89.0,6.69
1680144327330,283.22,89.0,6.69
1680144927493,282.94,88.0,6.69
1680145527722,282.85,88.0,4.12
1680146127918,282.85,88.0,4.12
1680146728112,282.66,86.0,6.17
1680147328228,282.66,86.0,6.17
1680147928475,282.66,86.0,6.17
1680148528678,282.66,86.0,6.17
1680149128772,282.52,87.0,6.17
1680149728930,282.5,87.0,4.12
1680150329139,282.27,88.0,6.17
1680150929332,282.27,88.0,6.17
1680151529524,282.27,88.0,6.17
1680152129712,282.27,88.0,6.17
1680152729912,282.18,88.0,6.17
1680153330101,282.14,88.0,3.09
1680153930280,282.14,88.0,3.09
1680154530440,282.09,87.0,5.66
1680155130639,282.09,87.0,5.66
1680155730907,281.97,87.0,5.66
1680156331056,281.9,87.0,2.06
1680156931251,281.97,87.0,5.66
1680157531439,282.19,87.0,5.66
1680158131645,282.19,87.0,5.66
1680158731809,282.26,87.0,5.66
1680159331994,282.66,88.0,5.66
1680159932195,282.93,87.0,4.47
1680160532381,282.93,87.0,4.92
1680161132573,283.6,86.0,6.69
1680161732681,283.7,86.0,6.69
1680162332875,283.98,84.0,6.69
1680162933027,283.92,84.0,7.2
1680163533219,284.03,84.0,7.2
1680164133312,284.03,84.0,7.2
1680164733456,284.24,84.0,7.72
1680165333657,284.24,84.0,7.72
1680165933770,284.46,84.0,7.72
1680166533966,285.12,82.0,7.72
1680167134087,285.26,82.0,7.72
1680167734241,285.62,80.0,7.72
1680168334383,285.92,78.0,7.72
1680168934513,286.39,78.0,7.72
1680169534708,286.39,78.0,7.72
1680170134902,286.39,77.0,7.72
1680170735139,286.57,76.0,7.72
1680171335340,286.57,76.0,7.72
1680171935465,286.98,75.0,8.23
1680172535679,287.12,75.0,8.23
1680173135844,287.05,75.0,8.23
1680173735945,287.1,76.0,6.69
1680174336187,287.28,75.0,6.69
1680174936382,287.2,75.0,6.69
1680175536525,287.71,72.0,4.63
1680176136679,287.71,72.0,4.63
1680176736803,287.71,73.0,6.69
1680177336927,287.89,74.0,7.2
1680177937119,287.79,74.0,7.2
1680178537310,287.69,73.0,7.2
1680179137446,288.41,71.0,7.72
1680179737637,288.77,70.0,7.72
1680180337865,288.43,70.0,5.14
1680180938059,288.55,70.0,5.14
1680181538209,288.55,70.0,5.14
1680182138452,288.58,69.0,5.14
1680182738643,288.52,69.0,5.14
1680183338764,288.45,68.0,5.14
1680183938957,288.3,69.0,5.14
1680184539144,287.76,71.0,4.12
1680185139268,288.1,72.0,4.92
1680185739456,288.17,72.0,4.12
1680186339560,288.93,72.0,6.69
1680186939746,289.13,71.0,6.69
1680187539940,289.13,71.0,6.69
1680188140066,289.13,70.0,6.69
1680188740264,289.41,69.0,7.72
1680189340449,289.41,69.0,7.72
1680189940660,289.12,65.0,8.75
1680190540838,289.02,66.0,8.75
1680191140931,289.02,66.0,8.75
1680191741119,289.05,65.0,7.72
1680192341395,289.02,64.0,7.72
1680192941589,289.02,64.0,7.72
1680193541774,288.53,64.0,7.72
1680194141953,288.31,64.0,7.72
1680194742146,288.28,65.0,7.72
1680195342343,288.04,65.0,7.72
1680195942535,287.97,65.0,7.72
1680196542683,287.98,68.0,7.72
1680197142881,287.98,68.0,7.72
1680197743069,287.19,69.0,7.72
1680198343209,287.0,70.0,7.72
1680198943333,287.0,70.0,7.72
1680199543543,286.38,72.0,5.14
1680200143711,286.33,72.0,5.14
1680200743904,286.1,73.0,6.17
1680201344043,285.85,74.0,6.17
1680201944244,285.79,74.0,5.66
1680202544356,285.73,76.0,5.66
1680203144483,285.37,78.0,5.66
1680203744643,285.2,79.0,6.17
1680204344773,285.02,80.0,6.17
1680204944938,284.76,81.0,6.17
1680205545158,284.76,81.0,6.17
1680206145363,284.42,83.0,6.17
1680206745558,284.51,83.0,3.09
1680207345705,284.59,84.0,2.68
1680207945932,284.09,85.0,6.17
1680208546064,283.99,85.0,3.13
1680209146257,283.92,88.0,5.14
1680209746435,283.92,88.0,5.14
1680210346533,283.57,90.0,5.14
1680210946718,283.57,90.0,5.14
1680211546910,283.58,90.0,5.14
1680212147045,283.5,91.0,5.81
1680212747237,283.5,91.0,6.69
1680213347407,283.5,91.0,6.69
1680213947604,283.25,90.0,6.69
1680214547763,283.25,90.0,6.69
1680215147963,283.14,91.0,6.69
1680215748136,282.93,92.0,6.69
1680216348386,282.71,93.0,6.69
1680216948574,282.71,93.0,6.69
1680217548761,282.71,93.0,6.69
1680218148903,282.71,93.0,6.69
1680218749175,282.7,93.0,6.17
1680219349275,282.7,93.0,6.17
1680219949442,282.7,93.0,6.17
1680220549580,282.7,93.0,6.17
1680221149782,282.7,93.0,6.17
1680221749921,282.59,92.0,3.58
1680222350183,282.59,92.0,7.2
1680222950341,282.49,92.0,7.2
1680223550471,282.49,92.0,8.23
1680224150665,282.49,92.0,8.23
1680224750766,282.47,92.0,8.23
1680225350961,282.47,92.0,8.23
1680225951081,282.49,93.0,7.2
1680226551322,282.49,92.0,7.2
1680227151456,282.49,92.0,7.2
1680227751676,282.49,92.0,7.2
1680228351779,282.41,92.0,7.2
1680228951944,282.44,91.0,7.2
1680229552137,282.41,92.0,7.72
1680230152324,282.41,92.0,7.72
1680230752460,282.41,92.0,6.17
1680231352645,282.41,92.0,6.17
1680231952780,282.44,92.0,6.17
1680232552927,282.44,92.0,6.17
1680233153110,282.41,92.0,5.66
1680233753308,282.41,92.0,5.66
1680234353451,282.41,92.0,5.66
1680234953638,282.41,92.0,4.63
1680235553838,282.44,91.0,4.63
1680236153958,282.44,91.0,4.63
1680236754150,282.41,92.0,4.12
1680237354340,282.41,92.0,4.12
1680237954467,282.41,92.0,4.12
1680238554659,282.41,92.0,4.12
1680239154764,282.44,92.0,3.09
1680239754949,282.44,92.0,3.09
1680240355144,282.3,93.0,3.09
1680240955348,282.3,93.0,3.09
1680241555457,282.3,93.0,3.09
1680242155553,282.41,92.0,3.09
1680242755714,282.44,92.0,3.09
1680243355937,282.44,92.0,3.09
1680243956132,282.52,93.0,3.6
1680244556327,282.52,93.0,3.6
1680245156459,282.52,93.0,3.6
1680245756698,282.59,93.0,3.6
1680246356913,282.58,93.0,3.6
1680246957093,282.58,93.0,3.6
1680247557255,282.59,95.0,3.6
1680248157449,282.73,95.0,3.6
1680248757669,282.73,94.0,3.6
1680249357860,282.73,94.0,3.6
1680249957963,282.73,93.0,3.6
1680250558170,282.73,93.0,3.6
1680251158357,282.73,95.0,3.09
1680251758571,282.93,93.0,3.09
1680252358697,282.93,93.0,3.6
1680252958884,282.93,93.0,3.6
1680253559083,282.93,93.0,3.6
1680254159274,282.93,93.0,3.6
1680254759464,282.93,93.0,3.09
1680255359660,282.93,93.0,3.09
1680255959765,283.01,94.0,2.57
1680256559871,283.06,92.0,2.57
1680257160076,283.06,92.0,2.57
1680257760448,283.06,92.0,2.57
1680258360647,283.52,91.0,3.6
1680258960823,283.52,91.0,3.6
1680259560927,283.46,92.0,3.6
1680260161033,283.46,92.0,3.6
1680260761228,283.46,92.0,3.6
1680261361417,283.46,92.0,3.6
1680261961679,283.52,91.0,3.6
1680262561931,283.52,91.0,3.6
1680263162192,283.52,91.0,3.6
1680263762383,283.52,91.0,3.6
1680264362678,283.63,91.0,3.6
1680264962887,283.63,91.0,3.6
1680265563075,283.52,91.0,3.6
1680266163268,283.63,91.0,3.6
1680266763430,283.77,91.0,2.57
1680267363600,284.04,90.0,2.57
1680267963771,284.02,90.0,2.57
1680268563965,284.02,90.0,2.57
1680269164154,284.14,92.0,2.57
1680269764287,284.06,91.0,2.57
1680270364451,284.06,91.0,2.57
1680270964646,284.23,90.0,3.09
1680271564770,284.23,90.0,3.09
1680272164897,284.23,90.0,3.09
1680272765136,284.23,91.0,3.09
1680273365284,284.45,91.0,3.09
1680273965441,284.45,91.0,3.09
1680274565623,284.45,90.0,2.57
1680275165772,284.35,91.0,2.57
1680275765927,284.35,91.0,2.57
1680276366121,284.61,94.0,3.09
1680276966322,284.52,91.0,3.09
1680277566439,284.52,91.0,3.09
1680278166569,284.65,90.0,3.6
1680278766757,284.65,90.0,3.6
1680279366976,284.31,90.0,3.09
1680279967216,284.3,92.0,4.63
1680280567325,284.16,92.0,4.63
1680281167497,284.14,92.0,4.12
1680281767694,284.14,92.0,4.12
1680282367922,284.28,92.0,4.12
1680282968107,284.28,92.0,4.12
1680283568330,284.28,91.0,4.12
1680284168453,284.21,91.0,4.12
1680284768642,284.21,91.0,4.12
1680285368840,283.93,91.0,6.17
1680285969043,283.96,91.0,6.17
1680286569231,283.96,91.0,6.17
1680287169447,283.82,92.0,5.14
1680287769643,283.82,92.0,5.14
1680288369841,283.82,92.0,5.14
1680288969975,283.82,92.0,5.14
1680289570172,283.57,91.0,4.12
1680290170364,283.57,91.0,4.12
1680290770602,283.5,92.0,6.17
1680291370768,283.5,92.0,6.17
1680291970961,283.5,92.0,6.17
1680292571153,283.5,92.0,6.17
1680293171317,283.49,92.0,5.66
1680293771437,283.49,92.0,3.6
1680294371631,283.49,92.0,3.6
1680294971777,283.19,93.0,5.14
1680295571937,283.19,93.0,6.17
1680296172085,283.12,93.0,6.17
1680296772260,283.01,92.0,6.17
1680297372449,283.01,92.0,6.17
1680297972647,282.84,94.0,5.66
1680298572769,282.84,94.0,5.66
1680299172938,282.84,94.0,5.66
1680299773064,282.84,94.0,5.66
1680300373262,282.86,94.0,5.66
1680300973472,282.84,94.0,5.66
1680301573670,282.84,94.0,5.66
1680302173831,282.73,93.0,5.66
1680302773960,282.73,92.0,5.66
1680303374146,282.84,92.0,5.66
1680303974342,282.73,92.0,5.66
1680304574435,282.73,92.0,5.66
1680305174545,282.73,92.0,5.66
1680305774795,282.73,92.0,5.66
1680306374959,282.73,92.0,5.14
1680306975157,282.73,93.0,5.14
1680307575304,282.73,92.0,5.14
1680308175501,282.73,92.0,4.63
1680308775686,282.59,93.0,4.63
1680309375878,282.59,93.0,4.63
1680309976077,282.59,93.0,4.63
1680310576271,282.59,93.0,4.12
1680311176457,282.58,93.0,4.12
1680311776684,282.59,93.0,5.66
1680312376846,282.59,93.0,5.66
1680312976998,282.59,93.0,5.66
1680313577126,282.59,93.0,5.66
1680314177328,282.49,93.0,4.12
1680314777451,282.49,93.0,4.12
1680315377682,282.41,92.0,4.63
1680315977875,282.41,92.0,4.63
1680316578063,282.41,92.0,4.63
1680317178254,282.41,92.0,4.63
1680317778432,282.41,92.0,4.63
1680318378632,282.44,92.0,4.63
1680318978778,282.44,92.0,4.63
1680319578963,282.41,92.0,4.12
1680320179192,282.41,92.0,4.12
1680320779387,282.41,92.0,4.12
1680321379499,282.28,94.0,4.63
1680321979615,282.28,94.0,4.63
1680322579771,282.24,94.0,4.63
1680323179939,282.28,94.0,4.63
1680323780111,282.4,93.0,3.6
1680324380317,282.4,93.0,3.6
1680324980443,282.24,93.0,3.6
1680325580634,282.09,94.0,4.63
1680326180825,281.93,95.0,4.12
1680326780960,281.93,95.0,4.12
1680327381155,281.93,95.0,4.12
1680327981300,281.93,95.0,5.14
1680328581439,281.93,95.0,5.14
1680329181543,281.96,94.0,5.14
1680329781744,281.93,95.0,4.12
1680330381923,281.93,95.0,4.12
1680330982063,282.07,95.0,4.12
1680331582253,282.07,95.0,4.12
1680332182438,281.93,95.0,3.6
1680332782569,281.96,94.0,3.6
1680333382681,281.96,94.0,3.6
1680333982893,281.96,94.0,3.6
1680334583091,281.83,95.0,3.6
1680335183283,281.83,94.0,3.6
1680335783498,281.83,94.0,3.6
1680336383654,281.69,93.0,3.6
1680336983788,281.69,93.0,3.6
1680337583940,281.69,94.0,3.6
1680338184189,281.6,92.0,3.6
1680338784436,281.96,92.0,3.6
1680339384546,281.96,92.0,3.6
1680339984745,282.04,93.0,1.34
1680340584933,282.04,93.0,1.79
1680341185127,282.02,94.0,2.57
1680341785317,282.28,94.0,2.57
1680342385436,282.28,94.0,2.57
1680342985627,282.54,93.0,3.09
1680343585776,282.67,92.0,3.09
1680344185962,282.67,92.0,3.09
1680344786086,282.93,91.0,4.12
1680345386206,282.81,92.0,4.12
1680345986408,282.95,92.0,4.12
1680346586594,282.95,92.0,4.12
1680347186770,283.11,91.0,3.09
1680347786955,283.11,91.0,3.09
1680348387064,283.26,90.0,4.12
1680348987249,283.16,89.0,4.12
1680349587453,283.59,86.0,4.12
1680350187739,283.6,85.0,4.12
1680350787921,283.71,91.0,4.12
1680351388114,283.93,88.0,4.12
1680351988309,283.93,88.0,4.12
1680352588445,283.82,91.0,4.12
1680353188656,283.82,91.0,4.12
1680353788777,284.06,88.0,4.12
1680354388924,284.51,82.0,4.12
1680354989108,284.51,82.0,4.12
1680355589307,284.51,82.0,4.12
1680356189442,284.51,82.0,4.12
1680356789638,284.51,82.0,4.12
1680357389767,284.51,82.0,4.12
1680357989949,284.51,82.0,4.12
1680358590117,284.51,82.0,3.09
1680359190307,283.64,85.0,7.2
1680359790442,283.64,84.0,7.2
1680360390643,283.64,84.0,7.2
1680360990892,283.64,84.0,7.2
1680361591084,282.8,87.0,2.57
1680362191280,282.8,87.0,2.57
1680362791508,283.26,87.0,5.14
1680363391660,283.26,87.0,5.14
1680363991801,283.15,84.0,5.14
1680364591940,283.04,88.0,5.14
1680365192144,282.98,88.0,2.24
1680365792319,282.98,88.0,2.24
1680366392456,282.79,88.0,7.2
1680366992650,282.57,89.0,7.2
1680367592773,282.57,89.0,7.2
1680368192937,282.57,90.0,7.2
1680368793073,282.43,90.0,7.2
1680369393292,282.27,90.0,8.23
1680369993448,282.27,90.0,8.23
1680370593617,282.58,91.0,8.23
1680371193769,282.58,91.0,8.23
1680371793960,282.44,91.0,8.23
1680372394153,282.12,91.0,5.14
1680372994281,282.12,91.0,5.14
1680373594498,282.17,91.0,8.23
1680374194692,282.17,91.0,8.23
1680374794879,282.17,91.0,8.23
1680375395046,281.92,91.0,8.23
1680375995228,281.92,91.0,8.23
1680376595430,281.77,91.0,7.72
1680377195623,281.77,91.0,5.66
1680377795904,281.77,91.0,5.66
1680378396094,281.77,89.0,6.17
1680378996292,281.77,89.0,6.17
1680379596490,281.64,87.0,6.17
1680380196693,281.64,87.0,6.17
1680380796867,281.64,87.0,6.17
1680381397010,281.64,85.0,6.69
1680381997200,281.64,85.0,6.69
1680382597344,281.64,85.0,6.69
1680383197445,281.64,85.0,6.69
1680383797634,281.66,84.0,5.66
1680384397835,281.64,84.0,6.69
1680384997968,281.66,84.0,5.66
1680385598154,281.66,84.0,5.14
1680386198344,281.66,84.0,5.14
1680386798531,281.66,84.0,5.14
1680387398771,281.66,83.0,5.14
1680387998967,281.66,84.0,5.14
1680388599226,281.76,82.0,5.14
1680389199427,281.76,82.0,5.14
1680389799614,281.76,82.0,6.17
1680390399773,281.77,83.0,6.17
1680391000012,281.83,83.0,6.69
1680391600209,281.76,84.0,6.69
1680392200406,281.83,84.0,6.69
1680392616749,281.83,84.0,6.69
1680392800608,281.83,84.0,6.69
1680393026845,281.83,84.0,6.69
1680393400782,281.83,84.0,6.17
1680393627035,281.83,84.0,6.17
1680394000932,281.83,84.0,6.17
1680394227165,281.83,84.0,6.17
1680394601121,281.64,85.0,6.17
1680395201306,281.64,84.0,5.66
1680395801444,281.64,84.0,5.66
1680396401696,281.64,85.0,5.66
1680397001887,281.64,85.0,5.14
1680397602015,281.64,85.0,5.14
1680398202202,281.64,86.0,5.14
1680398802400,281.61,85.0,5.66
1680399402598,281.61,86.0,5.66
1680400002797,281.5,86.0,3.6
1680400602949,281.5,86.0,3.6
1680401203119,281.22,87.0,5.14
1680401803325,281.26,87.0,4.63
1680402403459,281.26,87.0,4.63
1680403003617,281.26,87.0,4.63
1680403603773,281.26,87.0,4.63
1680404203977,281.26,88.0,4.63
1680404804130,281.14,88.0,4.63
1680405404355,280.96,89.0,3.09
1680406004445,280.96,89.0,3.09
1680406604649,280.96,89.0,3.09
1680407204813,280.96,89.0,3.09
1680407804931,280.85,89.0,3.09
1680408405027,280.75,90.0,3.09
1680409005214,280.58,90.0,3.6
1680409605350,280.58,90.0,3.6
1680410205478,280.44,90.0,3.6
1680410805675,280.44,90.0,3.6
1680411405772,280.23,91.0,3.6
1680412005951,280.28,91.0,3.6
1680412606118,280.28,91.0,3.6
1680413206247,280.28,91.0,3.6
1680413806430,280.02,92.0,3.6
1680414406621,280.02,92.0,3.6
1680415006770,280.02,92.0,4.12
1680415606951,280.05,92.0,4.12
1680416207081,280.05,92.0,4.12
1680416807205,280.02,93.0,4.12
1680417407389,280.02,93.0,4.12
1680418007519,280.02,93.0,3.6
1680418607719,280.12,93.0,3.6
1680419207904,280.12,93.0,3.6
1680419808031,280.24,93.0,3.6
1680420408227,280.28,93.0,2.57
1680421008396,280.39,93.0,2.57
1680421608586,280.39,93.0,2.57
1680422208821,280.73,91.0,2.57
1680422808941,280.77,91.0,2.57
1680423409191,280.77,91.0,2.57
1680424009409,280.98,92.0,2.06
1680424609573,281.25,90.0,2.06
1680425209765,281.25,91.0,2.57
1680425809964,281.42,93.0,2.57
1680426410151,281.42,93.0,2.57
1680427010341,281.76,92.0,2.57
1680427610441,281.76,92.0,2.57
1680428210601,282.0,89.0,2.57
1680428810776,282.07,89.0,2.57
1680429410954,282.42,88.0,2.57
1680430011151,282.42,88.0,2.57
1680430611316,282.81,86.0,2.57
1680431211454,283.22,83.0,1.54
1680431811652,283.48,81.0,1.54
1680432411805,283.48,81.0,1.54
1680432446572,283.48,82.0,2.57
1680433011940,283.37,83.0,2.57
1680433612067,283.86,82.0,1.34
1680434212314,283.86,82.0,1.34
1680434812463,283.56,81.0,2.24
1680435412662,283.81,82.0,2.06
1680436012843,283.77,82.0,2.24
1680436613045,283.89,82.0,2.57
1680437213236,283.96,81.0,2.68
1680437813430,284.06,81.0,2.68
1680438413604,284.17,77.0,3.13
1680439013772,284.17,77.0,3.13
1680439613965,284.38,75.0,3.09
1680440214162,284.38,75.0,3.09
1680440814357,284.57,77.0,2.68
1680441414551,284.46,77.0,4.12
1680442014753,284.68,76.0,4.12
1680442614867,284.78,75.0,4.12
1680443214979,284.78,75.0,4.12
1680443815311,284.81,74.0,4.12
1680444415458,284.82,74.0,4.12
1680445015654,284.82,74.0,4.12
1680445615782,284.92,72.0,4.63
1680446215941,285.04,72.0,4.63
1680446816045,285.11,72.0,4.63
1680447416247,284.89,71.0,3.6
1680448016447,284.89,71.0,3.6
1680448616568,284.88,70.0,3.6
1680449216818,284.78,71.0,4.12
1680449816943,284.43,71.0,4.12
1680450417224,284.57,71.0,4.12
1680451017425,284.5,71.0,4.12
1680451617601,284.05,71.0,3.09
1680452217767,284.05,71.0,3.09
1680452817959,284.17,70.0,3.6
1680453418106,284.2,70.0,5.14
1680454018293,284.2,70.0,5.14
1680454618417,283.75,71.0,5.14
1680455218565,283.48,73.0,5.14
1680455818766,283.4,75.0,5.14
1680456418967,283.4,75.0,5.14
1680457019168,283.26,75.0,5.14
1680457619336,283.12,76.0,4.63
1680458219467,282.84,77.0,4.63
1680458819612,282.84,77.0,4.63
1680459419836,282.31,76.0,4.63
1680460019941,282.24,76.0,4.63
1680460620084,281.92,77.0,4.63
1680461220489,281.92,77.0,4.63
1680461820680,281.99,78.0,4.63
1680462420939,281.52,80.0,4.12
1680463021137,281.45,81.0,4.12
1680463621399,281.17,81.0,4.12
1680464221542,281.17,81.0,3.6
1680464821640,281.17,81.0,3.6
1680465421782,280.58,83.0,3.6
1680466021979,280.47,83.0,3.6
1680466622155,280.77,82.0,3.6
1680467222344,280.22,85.0,3.6
1680467822543,280.56,83.0,3.6
1680468422744,280.56,83.0,3.6
1680469022904,280.24,83.0,3.6
1680469623089,280.3,83.0,2.57
1680470223290,280.3,83.0,2.57
1680470823403,280.13,84.0,3.6
1680471423604,280.13,84.0,3.6
1680472023799,280.13,84.0,3.09
1680472623906,279.99,84.0,3.09
1680473224107,279.95,84.0,3.09
1680473824355,279.92,84.0,3.09
1680474424531,279.92,84.0,3.09
1680475024723,279.92,84.0,3.09
1680475624874,279.81,84.0,3.09
1680476225070,279.81,84.0,3.09
1680476825259,279.67,85.0,3.09
1680477425447,279.67,85.0,3.09
1680478025638,279.6,84.0,3.09
1680478625788,279.6,84.0,3.09
1680479225956,279.6,84.0,3.09
1680479826129,279.67,84.0,3.09
1680480426272,279.55,85.0,3.09
1680481026412,279.55,85.0,2.57
1680481626603,279.56,84.0,2.57
1680482226772,279.39,84.0,2.57
1680482826987,279.49,84.0,2.57
1680483427116,279.49,84.0,2.57
1680484027314,279.35,85.0,2.57
1680484627426,279.35,86.0,2.57
1680485227619,279.49,84.0,2.57
1680485827809,279.49,84.0,2.57
1680486427946,279.8,85.0,2.57
1680487028070,279.55,85.0,2.57
1680487628260,279.4,87.0,2.57
1680488228501,279.33,86.0,2.57
1680488828699,279.47,86.0,2.57
1680489428841,279.47,86.0,2.57
1680490029034,279.85,86.0,2.57
1680490629240,279.85,86.0,2.57
1680491229432,279.85,86.0,2.57
1680491829545,280.03,87.0,3.09
1680492429747,280.09,87.0,3.09
1680493029936,280.09,87.0,3.09
1680493630134,280.02,87.0,3.09
1680494230315,280.02,87.0,3.09
1680494830530,280.18,88.0,3.09
1680495430725,280.18,88.0,3.09
1680496030918,280.2,87.0,3.13
1680496631076,280.13,87.0,3.13
1680497231276,280.27,87.0,2.68
1680497831457,280.27,87.0,2.68
1680498431645,280.14,91.0,3.13
1680499031779,280.66,84.0,3.09
1680499631903,280.66,84.0,3.09
1680500232099,280.8,83.0,2.57
1680500832288,280.8,83.0,2.57
1680501432449,280.8,82.0,2.57
1680502032637,280.93,83.0,2.57
1680502632772,281.17,83.0,3.6
1680503232989,281.17,83.0,3.6
1680503833177,281.28,83.0,3.6
1680504433313,281.28,83.0,3.6
1680505033466,281.28,85.0,5.14
1680505633578,281.42,84.0,5.14
1680506233778,281.42,84.0,5.14
1680506834018,281.52,82.0,5.14
1680507434333,281.84,81.0,5.14
1680508034437,281.84,81.0,5.66
1680508634629,282.24,80.0,5.66
1680509234770,282.38,80.0,5.66
1680509834952,282.45,79.0,5.66
1680510435102,282.69,78.0,6.69
1680511035298,282.69,78.0,6.69
1680511635467,282.69,78.0,6.69
1680512235590,282.31,79.0,5.66
1680512835768,282.31,79.0,5.66
1680513435936,282.24,80.0,5.66
1680514036044,282.24,80.0,5.14
1680514636222,282.65,79.0,5.14
1680515236418,282.65,79.0,5.14
1680515837288,282.86,79.0,5.66
1680516437520,282.73,79.0,5.66
1680517037710,282.73,79.0,5.66
1680517637909,282.83,78.0,6.17
1680518238099,282.83,79.0,6.17
1680518838301,282.83,79.0,6.17
1680519438427,282.72,79.0,6.17
1680520038623,282.83,79.0,6.17
1680520638841,282.93,79.0,6.69
1680521238964,282.93,79.0,6.69
1680521839206,282.93,79.0,6.69
1680522439392,283.01,79.0,6.69
1680523039534,283.33,78.0,5.66
1680523639734,283.19,78.0,5.66
1680524239838,283.19,78.0,5.66
1680524839942,283.19,78.0,5.66
1680525440133,283.3,78.0,5.66
1680526040330,283.59,78.0,4.63
1680526640490,283.64,76.0,6.17
1680527240682,283.98,76.0,6.17
1680527840874,284.05,77.0,4.02
1680528441115,284.05,77.0,5.36
1680529041312,283.87,78.0,6.17
1680529641450,284.18,77.0,7.2
1680530241647,284.18,77.0,7.2
1680530841773,284.33,75.0,7.2
1680531442082,284.42,74.0,7.72
1680532042216,284.42,74.0,7.72
1680532642408,284.42,74.0,7.72
1680533242593,284.51,72.0,7.2
1680533842769,284.51,72.0,7.2
1680534442968,284.63,72.0,7.2
1680535043166,284.49,72.0,7.2
1680535643338,284.27,73.0,6.71
1680536243455,284.55,72.0,6.71
1680536843673,284.62,72.0,6.71
1680537443818,284.8,71.0,6.71
1680538043940,284.43,72.0,6.71
1680538644136,284.43,72.0,6.71
1680539244334,284.63,71.0,6.71
1680539844453,284.43,72.0,6.17
1680540444651,284.34,70.0,5.66
1680541044775,284.34,70.0,5.66
1680541644936,284.13,71.0,5.66
1680542245127,284.13,71.0,5.66
1680542845313,284.08,71.0,5.66
1680543445443,283.72,72.0,5.66
1680544045584,283.34,73.0,5.14
1680544645781,283.34,73.0,5.14
1680545245957,283.2,75.0,5.14
1680545846151,283.12,75.0,5.14
1680546446311,282.93,75.0,4.12
1680547046458,282.33,76.0,4.12
1680547646610,282.08,78.0,4.12
1680548246824,282.08,78.0,4.12
1680548846977,281.67,78.0,4.12
1680549447175,281.51,78.0,3.09
1680550047367,281.42,78.0,3.09
1680550647459,281.42,78.0,3.09
1680551247654,280.41,81.0,3.09
1680551847821,280.37,81.0,3.09
1680552447996,280.34,82.0,3.09
1680553048201,280.34,82.0,3.09
1680553648449,280.0,84.0,3.09
1680554248725,279.78,85.0,3.09
1680554848897,279.78,84.0,2.68
1680555449091,279.78,84.0,2.68
1680556049282,279.68,84.0,2.68
1680556649455,279.68,84.0,2.68
1680557249640,279.46,85.0,1.54
1680557849774,279.28,85.0,1.54
1680558449961,279.28,84.0,1.54
1680559050159,279.01,84.0,1.54
1680559650279,279.01,84.0,1.54
1680560250435,278.91,86.0,1.79
1680560371424,278.91,86.0,1.79
1680560376039,278.91,86.0,1.79
1680560850568,278.98,85.0,2.06
1680560976186,278.98,85.0,2.06
1680561450753,279.01,85.0,2.06
1680561576312,279.01,85.0,2.06
1680562050989,279.01,85.0,3.6
1680562176474,279.01,85.0,3.6
1680562651111,279.01,85.0,3.6
1680562776629,279.01,85.0,3.6
1680563251263,279.01,85.0,3.6
1680563851465,279.13,84.0,4.12
1680564451674,278.98,85.0,4.12
1680565051802,279.13,85.0,4.12
1680565652026,279.13,85.0,4.12
1680566252226,278.99,85.0,4.12
1680566852423,279.53,82.0,4.12
1680567452636,279.53,82.0,4.12
1680568052779,279.55,81.0,3.09
1680568652995,278.9,84.0,3.09
1680569253191,278.9,84.0,3.09
1680569853318,278.9,83.0,3.09
1680570453492,279.38,81.0,3.09
1680571053682,278.69,85.0,3.09
1680571653875,279.72,79.0,1.79
1680572254072,279.72,78.0,1.54
1680572854248,279.92,77.0,2.57
1680573454429,279.99,77.0,2.57
1680574054656,280.14,77.0,2.57
1680574654775,280.14,77.0,2.57
1680575254951,280.17,77.0,2.57
1680575855122,280.31,76.0,2.57
1680576455315,280.38,76.0,2.57
1680577055459,279.65,78.0,1.79
1680577655653,280.44,77.0,1.79
1680578255849,280.44,77.0,1.34
1680578856037,280.29,77.0,2.06
1680579456311,280.27,75.0,2.24
1680580056449,280.39,75.0,2.06
1680580656605,280.39,75.0,2.06
1680581256782,280.04,78.0,2.06
1680581856927,280.04,78.0,2.06
1680582457091,280.52,77.0,2.06
1680583057281,280.34,79.0,2.57
1680583657486,280.39,78.0,2.57
1680584257683,280.39,78.0,2.57
1680584857836,280.35,80.0,2.57
1680585457953,280.35,80.0,2.57
1680586058148,280.57,78.0,3.6
1680586658322,280.73,78.0,3.6
1680587258433,280.73,80.0,4.12
1680587858549,280.73,80.0,4.12
1680588458747,280.73,81.0,4.12
1680589058927,280.73,81.0,4.12
1680589659114,280.85,81.0,5.14
1680590259298,281.22,80.0,5.14
1680590859451,281.22,80.0,5.14
1680591459651,281.22,80.0,5.14
1680592059773,281.22,80.0,5.14
1680592659945,281.02,81.0,2.57
1680593260117,281.36,80.0,3.09
1680593860303,281.13,81.0,3.09
1680594460493,281.42,80.0,2.57
1680595060691,281.42,80.0,2.57
1680595660877,281.51,80.0,2.57
1680596261075,281.92,78.0,3.09
1680596861266,281.92,78.0,3.09
1680597461443,282.28,77.0,3.09
1680598061540,282.38,76.0,3.09
1680598661727,282.52,75.0,3.6
1680599261913,282.52,75.0,3.6
1680599862145,282.48,74.0,3.6
1680600462309,282.78,75.0,3.09
1680601062436,283.0,73.0,3.09
1680601662636,282.88,74.0,5.66
1680602262773,282.88,74.0,5.66
1680602862964,283.27,71.0,5.66
1680603463132,283.27,71.0,5.66
1680604063331,283.59,70.0,5.14
1680604663468,283.92,69.0,5.14
1680605263659,284.17,67.0,5.66
1680605863814,284.24,67.0,5.66
1680606463944,284.24,67.0,5.66
1680607064140,284.41,66.0,5.66
1680607664332,284.41,66.0,5.66
1680608264448,284.92,67.0,4.63
1680608864647,285.06,66.0,6.17
1680609464869,285.06,66.0,6.17
1680610065076,284.81,66.0,6.17
1680610665272,284.81,66.0,6.17
1680611265448,285.15,67.0,5.66
1680611865569,284.9,69.0,5.66
1680612465772,285.57,67.0,6.69
1680613065920,285.57,67.0,6.69
1680613666143,285.72,66.0,6.69
1680614266314,285.72,66.0,6.69
1680614866434,285.72,66.0,6.69
1680615466638,286.32,65.0,6.69
1680616066778,286.83,64.0,7.2
1680616666960,286.9,63.0,7.2
1680617267151,287.52,60.0,7.2
1680617867349,287.52,60.0,7.2
1680618467467,287.38,59.0,7.2
1680619067672,287.47,59.0,7.2
1680619667785,287.21,59.0,7.2
1680620267948,287.21,59.0,7.2
1680620868119,287.39,61.0,7.2
1680621468316,287.39,61.0,7.2
1680622068453,287.52,59.0,7.72
1680622668639,287.45,59.0,7.72
1680623268772,287.62,58.0,7.2
1680623868902,287.51,58.0,7.2
1680624469070,287.26,59.0,7.2
1680625069268,287.26,59.0,7.2
1680625669456,286.82,61.0,8.23
1680626269663,286.56,63.0,8.23
1680626869823,286.56,63.0,8.23
1680627470023,286.06,64.0,8.23
1680628070226,285.48,67.0,7.72
1680628670424,285.48,67.0,7.72
1680629270604,285.12,67.0,8.75
1680629870770,285.12,67.0,8.75
1680630470957,284.76,68.0,8.75
1680631071153,284.76,69.0,8.75
1680631671302,284.76,69.0,8.75
1680632271458,284.36,70.0,7.2
1680632871652,284.36,70.0,7.2
1680633471838,284.24,71.0,7.2
1680634071952,284.17,71.0,7.2
1680634672108,284.17,71.0,7.2
1680635272255,284.22,72.0,6.69
1680635872456,284.22,72.0,5.66
1680636472652,283.82,73.0,5.66
1680637072857,283.67,74.0,5.14
1680637673053,283.67,74.0,5.14
1680638273243,283.82,75.0,5.14
1680638873364,283.82,75.0,5.14
1680639473563,283.72,76.0,5.14
1680640073707,283.38,80.0,6.17
1680640673913,283.38,82.0,6.17
1680641274058,283.05,84.0,6.17
1680641874252,283.05,84.0,6.17
1680642474409,283.01,85.0,5.14
1680643074531,283.01,85.0,5.14
1680643674725,282.88,87.0,7.2
1680644274964,282.74,89.0,7.2
1680644875160,282.74,89.0,7.2
1680645475297,282.87,89.0,7.2
1680646075464,282.86,89.0,5.14
1680646675660,282.86,89.0,5.14
1680647275772,282.84,89.0,7.2
1680647875942,282.74,91.0,7.2
1680648476203,282.74,91.0,7.2
1680649076390,282.74,91.0,7.2
1680649676579,283.05,89.0,7.2
1680650276666,283.06,89.0,3.09
1680650876833,283.06,89.0,3.09
1680651476933,283.47,87.0,8.23
1680652077030,283.61,87.0,8.23
1680652677227,283.75,86.0,8.23
1680653277419,283.6,87.0,2.57
1680653877613,283.6,87.0,2.57
1680654477795,283.93,85.0,7.72
1680655077957,283.93,85.0,7.72
1680655678150,283.69,89.0,7.72
1680656278269,283.93,86.0,7.72
1680656878475,283.96,86.0,4.63
1680657478628,283.96,86.0,4.63
1680658078792,283.69,88.0,8.23
1680658678960,283.69,88.0,8.23
1680659279154,283.69,88.0,8.23
1680659879385,283.69,88.0,8.23
1680660479575,283.84,89.0,5.14
1680661079772,283.84,89.0,5.14
1680661679916,283.82,88.0,7.72
1680662280057,284.14,86.0,7.72
1680662880404,284.24,85.0,7.72
1680663480604,284.24,85.0,7.72
1680664080781,284.3,85.0,4.63
1680664680941,284.24,85.0,7.72
1680665281129,284.24,85.0,7.72
1680665881314,284.24,85.0,7.72
1680666481447,284.46,87.0,7.72
1680667081612,284.46,87.0,7.72
1680667681779,284.54,87.0,4.63
1680668281917,284.54,87.0,4.63
1680668882061,284.46,88.0,5.66
1680669482321,284.46,88.0,5.66
1680670082450,284.46,88.0,5.66
1680670682601,284.46,88.0,5.66
1680671282778,284.46,88.0,5.66
1680671882968,284.54,88.0,3.6
1680672483170,284.8,87.0,6.17
1680673083343,284.8,87.0,6.17
1680673683470,284.8,87.0,6.17
1680674283663,284.8,86.0,6.17
1680674883773,284.8,86.0,6.17
1680675483937,284.75,86.0,6.17
1680676084134,284.75,86.0,6.17
1680676684336,285.02,87.0,6.17
1680677284469,285.12,86.0,6.17
1680677884671,285.12,86.0,6.17
1680678484778,285.24,86.0,3.09
1680679084932,285.24,86.0,3.09
1680679685102,285.33,88.0,6.69
1680680285287,285.33,88.0,6.69
1680680885464,285.83,84.0,8.23
1680681485663,285.83,84.0,8.23
1680682085778,285.85,85.0,8.23
1680682685956,285.85,85.0,8.23
1680683286145,286.29,84.0,7.2
1680683886343,286.36,83.0,7.2
1680684486546,286.66,83.0,6.69
1680685086740,286.66,83.0,6.69
1680685686930,286.69,83.0,6.69
1680686287147,286.57,83.0,6.69
1680686887348,286.57,84.0,6.69
1680687487459,286.73,84.0,6.69
1680688087549,287.09,82.0,6.69
1680688687751,287.2,82.0,6.69
1680689287908,287.28,81.0,6.69
1680689888107,287.28,81.0,5.66
1680690488296,287.21,81.0,5.66
1680691088484,287.54,80.0,5.66
1680691688710,287.54,80.0,5.66
1680692288908,287.61,80.0,5.14
1680692889060,287.61,80.0,5.14
1680693489156,288.0,79.0,6.69
1680694089354,288.0,79.0,6.69
1680694689560,287.93,78.0,6.69
1680695289753,287.93,78.0,6.69
1680695889918,287.92,78.0,6.69
1680696490122,287.92,78.0,6.69
1680697090312,287.92,78.0,6.69
1680697690505,288.01,80.0,4.63
1680698290629,288.01,80.0,4.63
1680698890776,287.94,80.0,4.63
1680699490951,288.04,80.0,7.2
1680700091143,288.13,80.0,7.2
1680700691301,288.13,80.0,7.72
1680701291458,288.08,80.0,7.72
1680701891693,287.51,82.0,7.72
1680702491881,287.51,82.0,6.17
1680703092071,287.51,82.0,6.17
1680703692260,287.51,82.0,6.17
1680704292363,287.51,82.0,6.17
1680704892481,287.51,77.0,5.66
1680705492672,287.99,79.0,5.66
1680706092768,287.99,79.0,6.17
1680706692930,287.99,79.0,6.17
1680707293121,287.79,79.0,6.17
1680707893271,287.79,80.0,6.17
1680708493448,287.52,81.0,5.66
1680709093576,287.52,81.0,5.66
1680709693767,287.17,84.0,5.66
1680710293956,286.06,87.0,6.17
1680710894087,285.53,89.0,6.17
1680711494278,285.53,89.0,6.17
1680712094437,285.6,88.0,5.14
1680712694629,285.6,88.0,5.14
1680713294779,285.6,87.0,5.14
1680713894963,285.53,89.0,4.63
1680714495169,285.53,89.0,4.63
1680715095362,286.12,85.0,5.14
1680715695468,286.12,85.0,5.14
1680716295586,286.24,83.0,5.14
1680716895777,286.24,83.0,5.14
1680717495931,285.89,82.0,5.66
1680718096133,285.74,82.0,5.66
1680718696332,285.74,82.0,5.66
1680719296456,285.73,83.0,4.63
1680719896587,285.73,83.0,4.63
1680720496776,285.67,83.0,4.63
1680721096940,285.44,83.0,4.63
1680721697127,285.48,80.0,2.06
1680722297259,285.41,80.0,2.06
1680722897412,285.07,83.0,4.63
1680723497607,284.78,85.0,4.63
1680724097785,284.89,86.0,4.63
1680724697958,284.89,86.0,4.63
1680725298155,285.2,85.0,2.06
1680725898341,285.2,85.0,2.06
1680726498434,284.6,86.0,3.6
1680727098629,284.19,88.0,3.6
1680727698776,284.03,87.0,4.63
1680728298962,284.03,87.0,4.63
1680728899077,284.1,87.0,4.63
1680729499270,284.1,87.0,4.63
1680730099477,283.88,87.0,4.63
1680730699773,283.88,86.0,4.63
1680731299953,283.88,86.0,4.63
1680731900143,283.98,85.0,3.09
1680732500338,283.98,85.0,3.09
1680733100458,284.02,84.0,1.34
1680733700583,283.9,85.0,3.6
1680734300769,283.9,85.0,3.6
